model,MAE,RMSE
exp_smoothing,1569.0011364213435,2026.9965077033228
