feature,importance
monthly_charges,0.48609749130411634
tenure,0.4305634914044077
num_products,0.08333901729147591
